ConversationID,QuestionNumber,Question,Question_Swedish,GPT4o_Answer,GPT4o_Answer_Swedish,Gemini_Answer,Gemini_Answer_Swedish,Timestamp,Type
20250521153414,1,Miten vaihdan älylukkoon? Kuka näitä tekee?,Hur byter jag till ett smartlås? Vilka tillverkar dessa?,"Älylukon vaihtaminen on prosessi, joka voi vaatia jonkin verran teknistä osaamista ja työkaluja. Voit seurata näitä yleisiä ohjeita, mutta on suositeltavaa, että käytät ammattilaisen apua, jos et ole varma mitä teet. Tällaiset ammattilaiset voivat olla lukitusliikkeiden tai turva-alan yritysten asiantuntijoita. Tässä on yleinen ohjeistus:

1. **Valitse sopiva älylukko**: Ensimmäinen askel on valita älylukko, joka sopii nykyiseen ovimekanismiisi. Varmista, että valitsemasi älylukko tukee oven tyyppiä ja tarvittavia ominaisuuksia, kuten etäyhteyksiä, biometrisiä tunnistimia tai koodinäppäimistöjä.

2. **Hanki tarvittavat työkalut**: Yleisimpiä työkaluja ovat ruuvimeisselit, mahdollisesti akkukäyttöinen porakone sekä muut mitta- ja asennustyökalut.

3. **Poista vanha lukko**: Poista oven nykyinen lukkosylinteri tai mekanismi. Tämä saattaa edellyttää oven sisäpuolen lukituslevyn irrottamista ja ruuvien avaamista.

4. **Asenna uusi älylukko**: Ohjeet vaihtelevat lukkomallin mukaan, joten lue aina valmistajan mukana tulevat asennusohjeet huolellisesti. Varmista, että kaikki osat on kiinnitetty oikein ja johdot (jos sellaisia on) on kytketty asianmukaisesti.

5. **Testaa älylukko**: Kun asennus on valmis, testaa lukon toiminnallisuus huolellisesti. Varmista, että lukko voidaan avata ja sulkea molemmilta puolilta ja että kaikki älylukon ominaisuudet, kuten Bluetooth- tai Wi-Fi-yhteydet, toimivat odotetusti.

6. **Ohjelmoi lukko**: Tässä vaiheessa voit asentaa lukon käyttöön tarvittavat sovellukset älypuhelimeesi tai muuhun laitteeseen ja määrittää käyttäjäprofiilit, mukaan lukien koodit tai biometriset tunnistimet.

**Ammattilaisten apu**: Jos et ole varma asennuksesta, tai jos tarvitset räätälöityjä ratkaisuja (kuten liittämistä kotiautomaatiojärjestelmiin), on hyvä idea ottaa yhteyttä ammattilaiseen. Suomessa esimerkiksi lukkoliikkeet, turvapalvelut ja valtuutetut jälleenmyyjät voivat auttaa asennuksessa. Heillä on myös tietoa siitä, mitkä mallit sopivat parhaiten erilaisten ovien ja kehysten kanssa.

**Muista**: Turvallisuus on tärkeää, joten varmistu aina, että asennus on tehty oikein ja älylukko on turvallinen käyttää.","Att byta till ett smartlås kan öka både säkerheten och bekvämligheten i ditt hem. Här är en generell guide över hur du kan göra detta:

### Steg för att byta till ett smartlås:

1. **Välj rätt lås**: 
   - Kolla upp vilken typ av lås du har nu, och välj ett smartlås som passar i samma hål och dörrkonfiguration.
   - Kontrollera kompatibilitet med din dörr. Vissa smartlås fungerar med specifika dörrtyper och tjocklekar.

2. **Köp ett smartlås**:
   - Välj ett lås baserat på dina behov (Wi-Fi, Bluetooth, Z-Wave, etc.), budget och säkerhetsföredringar.

3. **Ta bort det gamla låset**:
   - Använd rätt verktyg för att ta bort det befintliga låset. Vanligtvis behöver du en skruvmejsel.
   - Ta bort både insidan och utsidan av det gamla låset, inklusive låskistan om det behövs.

4. **Installera det nya smartlåset**:
   - Följ instruktionerna som följer med smartlåset noggrant. 
   - Montera låsets utvändiga del på dörrens utsida och inre delen på insidan.
   - Anslut eventuella kablar om låset kräver detta.

5. **Anslut och konfigurera**:
   - Ladda ner tillverkarens app för att konfigurera låset.
   - Lägg till låset i ditt smarta hemsystem om du har ett.
   - Sätt upp användarkoder eller andra inloggningsalternativ som fingeravtryck eller smartphone-autentisering.

6. **Testa funktionsduglighet**:
   - Kontrollera att låset fungerar korrekt genom att låsa och låsa upp flera gånger.
   - Säkerställ att du kan använda alla funktioner via appen.

### Tillverkare av smartlås:

Det finns flera företag som tillverkar smartlås. Här är några populära märken:

1. **August**: Känd för sina användarvänliga smarta lås som enkelt kan installeras på befintliga dörrar.
   
2. **Yale**: Ett traditionellt låsföretag som nu erbjuder flera smartlåsalternativ.
   
3. **Schlage**: Erbjuder säkra och tillförlitliga smartlås med olika funktioner.
   
4. **Kwikset**: Har ett brett utbud av smartlås som varierar i design och funktionalitet.
   
5. **Danalock**: Erbjuder flexibla smartlåslösningar som ofta är kompatibla med olika smarta hemsystem.

6. **Nuki**: Känd för sina lättinstallerade och funktionsrika lås, populärt i Europa.

När du väljer ett smartlås, överväg hur du vill att det ska integreras med resten av ditt smarta hem och se till att låset har de säkerhetsfunktioner du önskar.","Älylukkoon vaihtaminen on prosessi, joka riippuu nykyisestä lukostasi ja valitsemastasi älylukkomallista. Tässä on yleisohjeet ja tietoa siitä, kuka voi auttaa:

**1. Valmistelut ja valinta:**

*   **Tutki nykyinen lukko:** Selvitä, minkä tyyppinen lukko sinulla on (esim. sylinterilukko, avainpesä). Tämä vaikuttaa siihen, minkälaisen älylukon voit asentaa.
*   **Valitse älylukko:** Markkinoilla on monenlaisia älylukkoja, joilla on eri ominaisuuksia (esim. avaimeton pääsy, etäohjaus, ovikameran integrointi). Vertaa eri malleja ja valitse sellainen, joka sopii tarpeisiisi ja budjettiisi. Tutki yhteensopivuutta, eli varmista, että lukko sopii oveesi ja nykyiseen lukkorunkoosi.
*   **Lue asennusohjeet:** Ennen kuin aloitat, lue huolellisesti valitsemasi älylukon asennusohjeet. Ne sisältävät tärkeitä tietoja asennusprosessista ja mahdollisista erityisvaatimuksista.

**2. Asennus:**

*   **DIY (tee-se-itse):** Monet älylukot on suunniteltu helpoksi asentaa itse. Asennusprosessiin kuuluu yleensä vanhan lukon irrottaminen ja uuden älylukon asentaminen sen tilalle.
    *   Tarvitset yleensä perustyökaluja, kuten ruuvimeisselin.
    *   Noudata tarkasti valmistajan ohjeita.
    *   Usein älylukot kiinnittyvät oven sisäpuolelle.
*   **Ammattilaisen apu:** Jos et ole varma omista taidoistasi tai et halua tehdä asennusta itse, voit palkata ammattilaisen.
    *   **Lukkoseppä:** Lukkosepät ovat asiantuntijoita lukkojen asennuksessa, korjauksessa ja huollossa. Heillä on kokemusta ja tarvittavat työkalut.
    *   **Remonttifirmat tai yleisurakoitsijat:** Jotkut remonttifirmat tai yleisurakoitsijat tarjoavat myös älylukkojen asennuspalveluita.
    *   **Ota yhteyttä valmistajaan:** Jotkut valmistajat voivat suositella tai tarjota omia asennuspalveluitaan.

**3. Asennuksen jälkeen:**

*   **Määritä ja testaa:** Kun lukko on asennettu, määritä se valmistajan ohjeiden mukaan (esim. yhdistäminen puhelimeen, käyttäjätilien luonti). Testaa lukon toiminta huolellisesti eri tavoilla (esim. avaimella, sovelluksella, koodilla).
*   **Tarkista asetukset:** Tarkista ja mukauta lukon asetukset (esim. automaattinen lukitus, ilmoitukset).
*   **Säilytä ohjeet:** Säilytä älylukon ohjeet ja mahdolliset takuukuitit.

**Kuka tekee älylukkojen asennusta?**

*   **Lukkoliikkeet/lukkosepät:** Nämä ovat usein paras vaihtoehto ammattitaitoisen asennuksen varmistamiseksi. Etsi paikallisia lukkoliikkeitä Google Mapsin tai muiden hakukoneiden avulla.
*   **Remonttifirmat:** Monet remonttifirmat tarjoavat myös lukkojen asennuspalveluita.
*   **Sähköasentajat:** Jotkut sähköasentajat voivat auttaa, erityisesti jos älylukko vaatii sähkötyötä.
*   **Rakennusliikkeet/yleisurakoitsijat:** Riippuen kokemuksestaan, nämä saattavat tarjota asennusta.
*   **Älylukkojen myyjät:** Jotkut liikkeet, jotka myyvät älylukkoja, tarjoavat myös asennuspalveluita.
*   **Yksityiset asentajat:** Voit löytää yksityisiä asentajia esimerkiksi ilmoitussivustoilta. Varmista heidän referenssinsä.

**Vinkkejä:**

*   **Hinta:** Pyydä tarjouksia useilta toimijoilta vertaillaksesi hintoja.
*   **Takuu:** Varmista, että asennukselle on takuu.
*   **Kokemus:** Tarkista asentajan kokemus ja referenssit.
*   **Tarkista paikalliset määräykset:** Joissakin tapauksissa voi olla paikallisia määräyksiä tai vaatimuksia lukkojen asennukselle.

Muista, että turvallisuus on tärkeää. Jos et ole varma, ota yhteyttä ammattilaiseen.","Att byta till ett smartlås kan vara en bekväm och säkerhetsförbättrande åtgärd. Här är en steg-för-steg guide och några populära tillverkare:

**Hur du byter till ett smartlås:**

1.  **Bestäm dina behov och önskemål:**

    *   **Funktioner:** Vilka funktioner är viktiga för dig? Vill du ha nyckelfri låsning, fjärrstyrning, tillfälliga koder, integrationsmöjligheter (t.ex. med smarta hem-system), notifikationer, historik över låsning/upplåsning?
    *   **Installation:** Vill du ha en enkel installation (ofta kallas ""retrofit"", som ersätter endast insidan av ditt befintliga lås) eller behöver du byta hela låset inklusive slutbleck och eventuellt borra nya hål? Retrofit är oftast enklare att installera själv.
    *   **Strömkälla:** Batteridrivna är vanligast, men vissa modeller kan ha alternativ för nätanslutning.
    *   **Kompatibilitet:** Kontrollera att låset är kompatibelt med din dörr (tjocklek, hålavstånd, etc.) och eventuella smarta hem-system du använder (t.ex. Apple HomeKit, Google Home, Samsung SmartThings, Zigbee, Z-Wave).
2.  **Välj ett smartlås:**

    *   Gör research om olika modeller och tillverkare. Läs recensioner och jämför funktioner och pris.
    *   Välj ett lås som passar dina behov och din budget.
3.  **Förberedelse:**

    *   **Verktyg:** Du kommer troligen att behöva en skruvmejsel (stjärnmejsel och eventuellt platt skruvmejsel), eventuellt borr, måttband, och bruksanvisningen för ditt nya smartlås.
    *   **Batterier:** Se till att du har nya batterier (om låset är batteridrivet).
    *   **Bruksanvisning:** Läs igenom bruksanvisningen för ditt nya lås noggrant innan du börjar.
    *   **Säkerhet:** Innan du tar bort ditt gamla lås, se till att du har en reservnyckel tillgänglig för säkerhets skull.
4.  **Borttagning av det gamla låset (om du byter hela låset):**

    *   Skruva bort skruvarna på insidan av dörren som håller fast låset.
    *   Ta bort låset från dörren.
    *   Ta bort slutblecket (den del på dörrkarmen som låskolven går in i).
5.  **Installation av det nya smartlåset:**

    *   **Förberedelse:** Installera batterierna i det nya låset.
    *   **Montering av låskolven (om du byter hela låset):** Placera låskolven i dörren och se till att den passar in i hålet.
    *   **Montering av insidan av låset:** Fäst den inre delen av smartlåset på insidan av dörren. Följ instruktionerna i bruksanvisningen noggrant. Använd skruvarna som medföljer låset.
    *   **Montering av slutblecket (om du byter hela låset):** Montera det nya slutblecket på dörrkarmen.
    *   **Testning:** Testa låset för att säkerställa att det fungerar korrekt.
6.  **Konfiguration och anslutning:**

    *   **App:** Ladda ner appen som hör till ditt smartlås (oftast på App Store eller Google Play).
    *   **Anslutning:** Följ instruktionerna i appen för att ansluta låset till ditt hem-wifi eller annan kommunikationsmetod (t.ex. Bluetooth). Detta kan innebära att du behöver skapa ett konto eller registrera låset.
    *   **Funktioner:** Konfigurera de funktioner du vill använda (t.ex. användare, koder, notifikationer, integration med smarta hem-system).
7.  **Testa och felsök:**

    *   **Testa alla funktioner:** Prova att låsa och låsa upp låset med olika metoder (t.ex. kod, app, nyckel).
    *   **Felsök:** Om något inte fungerar, kontrollera bruksanvisningen eller kontakta tillverkarens support.

**Populära tillverkare av smartlås:**

*   **Yale:** Känd för sitt utbud av smartlås med olika funktioner och integrationer (t.ex. Yale Doorman, Linus). Erbjuder ofta kompatibilitet med olika smarta hem-system.
*   **Danalock:** Erbjuder stilrena smartlås som ofta är kompatibla med många smarta hem-system.
*   **August:** Fokus på stilrena smartlås som är enkla att installera (retrofit). Även kompatibla med olika smarta hem-system.
*   **Aqara:** Erbjuder prisvärda smartlås, ofta kompatibla med Apple HomeKit.
*   **Samsung:** Erbjuder smartlås med olika funktioner, ofta med fokus på säkerhet och integration med Samsungs ekosystem.
*   **Nuki:** Erbjuder smarta lås och tillbehör för enkel installation.
*   **Igloohome:** Erbjuder smarta lås som fungerar utan internet, vilket är säkert för din säkerhet.
*   **Lockly:** Erbjuder smarta lås som erbjuder olika funktioner och fokus på säkerhet.
*   **Schlage:** Erbjuder smarta lås för olika användare och har ofta en stor kompatibilitet med många smarta hem-system.

**Viktigt att tänka på:**

*   **Säkerhet:** Säkerställ att smartlåset du väljer har stark kryptering och säkerhetsfunktioner för att skydda din säkerhet.
*   **Läs recensioner:** Innan du köper, läs recensioner från andra användare för att få en uppfattning om låsets prestanda, pålitlighet och användarvänlighet.
*   **Support:** Kontrollera att tillverkaren erbjuder bra support om du skulle behöva hjälp.
*   **Garanti:** Kontrollera garantivillkoren för smartlåset.

Lycka till med ditt byte till ett smartlås!
",2025-05-21 15:35:04,question
20250521153414,2,Kerro lisää älylukkojen ominaisuuksista ja hinnoista?,Berätta mer om smartlåsens funktioner och priser?,"Älylukot ovat kehittyneet merkittävästi viime vuosina, ja niissä on monia erilaisia ominaisuuksia, joita voit harkita tarpeidesi mukaan. Tässä on joitakin yleisimpiä ominaisuuksia, joita älylukoissa saattaa olla:

1. **Etäohjaus**: Monet älylukot voidaan ohjata älypuhelimen sovelluksen kautta, jolloin voit avata tai lukita oven etänä. Tämä on erityisen kätevää, jos haluat päästää jonkun sisään, kun et ole itse paikalla.

2. **Biometrinen tunnistus**: Jotkut älylukot tukevat sormenjälkitunnistusta tai kasvojentunnistusta, mikä lisää turvallisuutta ja mukavuutta.

3. **Koodinäppäimistö**: Lukko voidaan avata syöttämällä PIN-koodi. Tämä tarjoaa ylimääräisen tavan lukon avaamiseen ilman avainta.

4. **Bluetooth-yhteys**: Tämän avulla voit avata lukon automaattisesti, kun olet tarpeeksi lähellä ovea, ilman että sinun tarvitsee ottaa puhelinta esiin.

5. **Wi-Fi-tuki**: Tämä mahdollistaa yhteyden älylukkoon mistä tahansa, mikä on hyödyllistä etäohjauksen kannalta.

6. **Integraatio kotiautomaatiojärjestelmiin**: Monet älylukot voidaan liittää laajempiin kotiautomaatiojärjestelmiin, kuten Google Homeen, Amazon Alexaan tai Apple HomeKitiin.

7. **Käyttöoikeuksien hallinta**: Voit antaa eri käyttäjille yksilölliset koodit tai pääsyoikeudet ja seurata, kuka tulee sisään ja milloin.

8. **Varoitukset ja hälytykset**: Lukko voi lähettää ilmoituksia, jos se avataan tai suljetaan odottamattomasti, tai jos yritetään käyttää väärää koodia useita kertoja.

Mitä tulee hintoihin, ne voivat vaihdella merkittävästi ominaisuuksien ja valmistajan mukaan. Tässä esimerkkejä hintaluokista:

- **Perusälylukot**: Noin 100-200 euroa. Näissä voi olla perustason ominaisuuksia, kuten Bluetooth-yhteys ja koodinäppäimistö.

- **Keskihintaiset älylukot**: 200-400 euroa. Näissä voi olla enemmän ominaisuuksia, kuten Wi-Fi-tuki ja biometrinen tunnistus.

- **Korkeamman hintaluokan älylukot**: Yli 400 euroa. Nämä tarjoavat usein laajimmat ominaisuudet ja parhaan integroinnin muihin kotiälylaitteisiin.

**Huomioitavaa:** Hintaan voi vaikuttaa myös asennuskustannukset, jos käytät ammattilaista asennuksessa. Myös lisäominaisuudet, kuten integraatio tiettyjen turvajärjestelmien kanssa, voivat vaikuttaa lopulliseen hintaan. Tässä on tärkeää pohtia, mitkä ominaisuudet ovat välttämättömiä omiin tarpeisiisi ja budjettiisi nähden.","Smartlås erbjuder en rad funktioner som går utöver vad traditionella lås kan erbjuda. Här är några vanliga funktioner och en översikt över priser:

### Vanliga funktioner hos smartlås:

1. **Fjärrstyrning**: Många smartlås kan låsas och låsas upp via en app på din smartphone, vilket ger dig möjlighet att hantera låset oavsett var du befinner dig.

2. **Integrering med smarta hem**: De kan ofta integreras med andra smarta hemsystem, såsom Alexa, Google Home eller Apple HomeKit, vilket möjliggör röststyrning.

3. **Tillfälliga koder**: Du kan skapa tillfälliga eller permanenta koder för gäster. Detta är praktiskt för exempelvis Airbnb-värdar.

4. **Automatisk låsning och upplåsning**: Vissa lås kan automatiskt låsas när du lämnar hemmet eller låsas upp när du närmar dig, baserat på din smartphones plats.

5. **Historiklogg**: Du kan se historik över vem som har låst eller låst upp dörren och vid vilken tidpunkt.

6. **Biometrisk autentisering**: Vissa modeller erbjuder fingeravtrycksigenkänning eller annan biometrisk autentisering.

7. **Anslutningstyper**: Smartlås kan använda Wi-Fi, Bluetooth, eller Z-Wave för anslutning och kommunikation med andra enheter.

### Priser:

Priserna för smartlås kan variera beroende på funktioner, märke och kvalitet:

- **Baspaketen**: Enkla modeller med grundläggande funktioner som Bluetooth-anslutning kostar vanligtvis mellan 1 000 och 2 000 kronor.
  
- **Mellansegmentet**: Smartlås med fler funktioner, såsom fjärrstyrning och integration med smarta hem, kostar ofta mellan 2 000 och 3 500 kronor.

- **Premiumalternativen**: Lås med avancerade säkerhetsfunktioner, biometrisk inloggning och alla smarta funktioner kan kosta från 3 500 kronor och uppåt.

### Övrigt att tänka på:

- **Installation**: Vissa smartlås kan du installera själv, medan andra kan kräva en professionell installation, vilket kan påverka hela kostnaden.
  
- **Batterier**: De flesta smartlås drivs av batterier som behöver bytas med jämna mellanrum, så det är bra att överväga batterilivslängden vid köp.

När du väljer ett smartlås, tänk på vilka funktioner som är viktigast för dig och hur mycket du är villig att spendera. Det är också viktigt att läsa recensioner och kontrollera kompatibilitet med ditt hem och eventuella andra smarta hem-enheter du redan använder.","Toki, tässä on tietoa älylukkojen ominaisuuksista ja hinnoista:

**Älylukkojen ominaisuudet:**

Älylukot tarjoavat monia etuja perinteisiin lukkoihin verrattuna. Tässä on joitain yleisimpiä ominaisuuksia:

*   **Avaimeton pääsy:**
    *   **PIN-koodit:** Käyttäjät voivat avata oven näppäilemällä PIN-koodin lukon kosketusnäyttöön tai näppäimistöön.
    *   **Sormenjälkitunnistus:** Osa lukkoista tunnistaa sormenjäljet, mikä tarjoaa nopean ja turvallisen pääsyn.
    *   **Avaimenperät/avauskortit:** Lukot tunnistavat RFID-tunnisteita, kuten avaimenperiä tai kortteja, joita pidetään lukon lähellä.
    *   **Mobiililaitteet:** Älylukot voidaan yhdistää älypuhelimeen tai tablettiin Bluetoothin tai Wi-Fi:n kautta. Käyttäjät voivat avata ja lukita oven etänä sovelluksen avulla. Jotkut lukot tukevat myös ääniohjausta (esim. Siri, Google Assistant, Alexa).
*   **Etäohjaus ja -valvonta:**
    *   **Lukituksen ja avauksen valvonta:** Käyttäjät voivat tarkistaa ovien tilan (lukittu/auki) reaaliajassa ja tarkastella pääsylokeja.
    *   **Etäavaus:** Ovet voidaan avata etänä, esimerkiksi vieraita tai kuriireja varten.
    *   **Aikataulutus:** Lukot voidaan asettaa lukittumaan ja avautumaan automaattisesti tiettyinä aikoina.
*   **Turvallisuus:**
    *   **Salaus:** Tiedonsiirto lukon ja mobiililaitteen välillä on usein salattua.
    *   **Automaattinen lukitus:** Lukot voivat lukittua automaattisesti tietyn ajan kuluttua oven sulkemisesta.
    *   **Murtohälytys:** Osa lukkoista sisältää hälytyksen, joka aktivoituu, jos lukkoa yritetään manipuloida tai pakottaa auki.
    *   **Virtalukko:** Jos lukkoon kohdistuu väkivaltaa, se voi estää pääsyn tai antaa varoituksen.
*   **Helppo asennus:**
    *   Useimmat älylukot on suunniteltu helppoon asennukseen. Ne korvaavat usein olemassa olevan lukon ilman suurta vaivaa.
*   **Integraatio:**
    *   Älylukot voivat integroitua muihin älykotijärjestelmiin, kuten valaistukseen, kameroihin ja termostaatteihin.
*   **Käyttäjähallinta:**
    *   Hallitse, kuka pääsee sisään ja milloin. Luo ja poista pääsykoodit tai digitaaliset avaimet.
*   **Akun kesto:**
    *   Useimmat älylukot toimivat paristoilla. Akun kesto voi vaihdella riippuen lukon mallista ja käytöstä. Monet lukot ilmoittavat akun varauksen alenemisesta.
*   **Design ja materiaalit:**
    *   Älylukkoja on saatavilla eri tyyleissä ja materiaaleissa, joten voit valita sellaisen, joka sopii kodin ulkonäköön.

**Hinnat:**

Älylukkojen hinnat vaihtelevat suuresti ominaisuuksista, merkistä ja materiaaleista riippuen.

*   **Perusmallit:** Noin 100-250 euroa. Nämä mallit tarjoavat usein PIN-koodipohjaisen pääsyn ja etäohjauksen Bluetoothin kautta.
*   **Edistyneemmät mallit:** 250-500 euroa tai enemmän. Nämä mallit sisältävät usein lisäominaisuuksia, kuten sormenjälkitunnistuksen, Wi-Fi-yhteyden, integroinnin älykotijärjestelmiin ja paremman turvallisuuden.

**Tekijöitä, jotka vaikuttavat hintaan:**

*   **Brändi:** Tunnetut ja luotettavat merkit voivat olla kalliimpia.
*   **Ominaisuudet:** Lisäominaisuudet, kuten sormenjälkitunnistus, Wi-Fi ja integraatio, nostavat hintaa.
*   **Materiaali:** Laadukkaammat materiaalit, kuten ruostumaton teräs, voivat vaikuttaa hintaan.
*   **Asennus:** Jos tarvitset ammattimaista asennusta, se lisää kustannuksia.

**Mistä ostaa:**

Älylukkoja voi ostaa:

*   **Verkkokaupoista:** Amazon, Verkkokauppa.com, Gigantti, Power ja muut verkkokaupat.
*   **Rautakaupoista:** K-Rauta, Bauhaus, Stark ja muut rautakaupat.
*   **Elektroniikkaliikkeistä:** Gigantti, Power ja muut elektroniikkaliikkeet.

**Vinkkejä valintaan:**

*   **Määritä tarpeesi:** Mitä ominaisuuksia tarvitset? Haluatko etäohjauksen, sormenjälkitunnistuksen tai integroitumisen älykotijärjestelmään?
*   **Tarkista yhteensopivuus:** Varmista, että lukko on yhteensopiva oven kanssa.
*   **Lue arvosteluja:** Tarkista muiden käyttäjien kokemukset ennen ostopäätöstä.
*   **Vertaa hintoja:** Vertaile eri mallien hintoja ja ominaisuuksia löytääksesi parhaan vaihtoehdon.
*   **Ota huomioon asennus:** Harkitse, pystytkö asentamaan lukon itse vai tarvitsetko ammattilaisen apua.

Toivottavasti tämä auttaa! Jos sinulla on muita kysymyksiä, kysy ihmeessä.
","Absolut! Här är en översikt över smartlås, deras funktioner och priser:

**Vad är ett smartlås?**

Ett smartlås är en digital låsmekanism som ersätter eller kompletterar ett traditionellt lås. Istället för nycklar använder du elektroniska medel för att låsa upp dörren, som en kod, en app på din smartphone, en fingeravtrycksläsare eller en fysisk tag.

**Grundläggande funktioner:**

*   **Nyckelfri åtkomst:** Du behöver inte längre fysiska nycklar.
*   **Fjärråtkomst:** Lås och lås upp dörren från var som helst med en internetuppkoppling (kräver oftast en separat hub eller Wi-Fi-anslutning).
*   **Aktivitetslogg:** Spåra vem som kommer och går, och när.
*   **Tillfällig åtkomst:** Ge koder eller digitala nycklar till besökare, hantverkare eller gäster, och bestäm giltighetstiden.
*   **Autolås:** Låset låser automatiskt dörren efter en viss tid.
*   **Integrering med smarta hem-system:** Kompatibilitet med röstassistenter (t.ex. Google Assistant, Amazon Alexa, Siri) och andra smarta enheter för automatisering och styrning.
*   **Säkerhet:** Kryptering för att skydda mot obehörig åtkomst.
*   **Enkel installation:** De flesta smartlås är relativt enkla att installera och kan ersätta befintliga lås utan att borra nya hål (beroende på modell och typ av lås).

**Avancerade funktioner (beroende på modell):**

*   **Fingeravtrycksläsare:** För snabb och säker åtkomst.
*   **Wi-Fi-anslutning:** Vissa lås har inbyggd Wi-Fi för direkt anslutning till ditt nätverk.
*   **Z-Wave/Zigbee-anslutning:** För att integreras med smarta hem-hubbar (kräver en hub).
*   **Biometrisk identifiering:** Ansiktsigenkänning (mer ovanligt).
*   **Geofencing:** Låset låser upp sig automatiskt när du närmar dig ditt hem med din telefon.
*   **Batteridrift och batteritid:** De flesta smartlås drivs med batterier, och batteritiden varierar beroende på modell och användning (oftast 6-12 månader).
*   **Väderbeständighet:** Vissa modeller är designade för att tåla väder och vind.

**Priser:**

Priserna på smartlås varierar mycket beroende på funktioner, design och märke.

*   **Enkla modeller (utan hub):** 1 000 - 3 000 kr
*   **Mer avancerade modeller (med Wi-Fi eller Z-Wave/Zigbee):** 2 500 - 5 000 kr eller mer.
*   **Installation:** Priset för installation beror på om du gör det själv eller anlitar en låssmed. En låssmed kan ta mellan 500 och 2000 kr eller mer för installation, beroende på komplexitet.

**Faktorer som påverkar priset:**

*   **Funktioner:** Ju fler funktioner, desto dyrare är låset.
*   **Material och design:** Exklusiva material och mer sofistikerad design kan öka priset.
*   **Märke:** Kända märken kan ha högre priser.
*   **Teknologi:** Wi-Fi, Z-Wave, fingeravtrycksläsare och andra teknologier påverkar priset.

**Att tänka på innan du köper:**

*   **Kompatibilitet:** Kontrollera att låset passar din dörr (t.ex. standardmått).
*   **Anslutning:** Bestäm om du behöver Wi-Fi, Z-Wave eller Zigbee (och om du behöver en hub).
*   **Säkerhet:** Välj ett lås med stark kryptering och säkerhetsfunktioner.
*   **Batteritid:** Tänk på hur ofta du vill byta batterier.
*   **Användarvänlighet:** Läs recensioner för att se hur lätt låset är att använda.
*   **Installationsalternativ:** Bestäm om du vill installera det själv eller anlita hjälp.
*   **Integration med smarta hem-system:** Kontrollera kompatibiliteten med dina befintliga enheter och system.
*   **Säkerhetsåtgärder:** Var medveten om att smartlås kan vara sårbara för hackning om de inte skyddas ordentligt.

Jag hoppas detta hjälper dig att lära dig mer om smartlås! Låt mig veta om du har fler frågor.",2025-05-21 15:35:53,question
20250521153414,3,Vertaile eri älylukkoja ja ehdota paras,Jämför olika smartlås och föreslå det bästa,"Valitessasi parasta älylukkoa, on tärkeää ottaa huomioon omat tarpeesi ja prioriteettisi, kuten helppokäyttöisyys, turvallisuusominaisuudet ja budjetti. Tässä on muutamia suosittuja älylukkomalleja ja niiden keskeisiä ominaisuuksia:

1. **August Smart Lock Pro**
   - **Ominaisuudet**: Helppo asennus olemassa olevan lukkopesän päälle, etäohjaus Wi-Fi Bridge -lisälaitteella, yhteensopivuus Amazon Alexan, Google Homen ja Apple HomeKitin kanssa, automaattinen lukitus ja avaus.
   - **Plussat**: Helppo asentaa, laaja yhteensopivuus kotiautomaatiojärjestelmien kanssa.
   - **Miinukset**: Wi-Fi-yhteyden saamiseksi tarvitaan erillinen Bridge-lisälaite.

2. **Yale Linus Smart Lock**
   - **Ominaisuudet**: Tyylikäs muotoilu, yhteensopiva Google Assistantin, Amazon Alexan ja Apple HomeKitin kanssa, etäkäyttö Wi-Fi-lisälaitteen avulla, koodinäppäimistö lisävarusteena.
   - **Plussat**: Korkea turvallisuustaso, integroidut älykkäät ilmoitukset.
   - **Miinukset**: Jotkin ominaisuudet, kuten etäkäyttö, edellyttävät erillistä lisälaitetta.

3. **Schlage Encode Smart Wi-Fi Deadbolt**
   - **Ominaisuudet**: Sisäänrakennettu Wi-Fi, tukee Amazon Alexaa, ilman erillisen Hubin tarvetta, sisäinen hälytys väärinkäytön varalta.
   - **Plussat**: Ei vaadi erillistä Hubia, vahva suojausominaisuus.
   - **Miinukset**: Rajoitettu yhteensopivuus muiden kotiautomaatiojärjestelmien kanssa (esim. ei Apple HomeKit -tukea).

4. **Nuki Smart Lock 3.0**
   - **Ominaisuudet**: Helppo asennus, tuki etäohjaukselle ja avausvuoroille, yhteensopiva Google Assistantin, Amazon Alexan ja Apple HomeKitin kanssa.
   - **Plussat**: Helppo käyttää, laajat hallintaominaisuudet.
   - **Miinukset**: Lisäominaisuudet, kuten sormenjälkilukijan käyttö, vaativat lisätarvikkeita.

5. **Ultraloq U-Bolt Pro**
   - **Ominaisuudet**: Kuusi-in-one käyttömahdollisuus (sormenjälki, koodinäppäimistö, Bluetooth, mekaaninen avain jne.), kaksikerroksinen suojaus.
   - **Plussat**: Useita avausmenetelmiä, vahvat suojausominaisuudet.
   - **Miinukset**: Ei sisäänrakennettua Wi-Fiä, tarvitaan lisälaite etäyhteyden saamiseksi.

**Paras valinta?**
Valinta riippuu ennen kaikkea yksilöllisistä tarpeista ja budjetista. **August Smart Lock Pro** on yleensä suositeltu monipuolisuutensa vuoksi, erityisesti jos etsit yhteensopivuutta laajemman kotiautomaatiokokonaisuuden kanssa. Jos helppokäyttöisyys ja sujuva integrointi Wi-Fi:n kanssa ilman lisälaitteita on ensisijaista, **Schlage Encode** on vahva valinta.

Kun valitset älylukkoa, harkitse myös asennusvaatimuksia ja mahdollisia lisäkustannuksia, kuten lisälaitteiden hankkimista täydellisen toiminnallisuuden saavuttamiseksi.","När det gäller att välja det bästa smartlåset för dina behov måste du överväga flera faktorer, inklusive funktioner, kompatibilitet med ditt hem och smarthome-system, säkerhet och budget. Här är en jämförelse av några populära smartlås och en rekommendation baserat på olika användningsbehov:

### Populära smartlås:

1. **August Smart Lock Pro (3rd Gen)**
   - **Funktioner**: Enkel installation; fungerar med befintliga dörrlås; stöd för Wi-Fi, Bluetooth och Z-Wave; fjärrstyrning via August-appen; integration med Alexa, Google Assistant och Apple HomeKit.
   - **Fördelar**: Mycket enkel installation; inga nycklar behövs; bra kompatibilitet med smarthome-system.
   - **Nackdelar**: Kräver en separat August Connect Wi-Fi Bridge för fjärråtkomst.
   
2. **Yale Linus Smart Lock**
   - **Funktioner**: Stöd för Bluetooth och Wi-Fi; appkontroll; tillgångsdelning; kompatibel med Apple HomeKit, Alexa och Google Assistant.
   - **Fördelar**: Elegant design och robust säkerhet; enkel hantering via appen.
   - **Nackdelar**: Dyrt; en del funktioner kräver köp av extra tillbehör.

3. **Schlage Encode Smart Wi-Fi Deadbolt**
   - **Funktioner**: Inbyggd Wi-Fi; fungerar utan behov av hub; stöd för Amazon Alexa; smarta notifieringar.
   - **Fördelar**: Ingen hub krävs; stark säkerhet och hållbar konstruktion.
   - **Nackdelar**: Begränsad integration med andra plattformar än Alexa.

4. **Kwikset Kevo (2nd Gen)**
   - **Funktioner**: Bluetooth-aktiverad; touch-to-open-funktion; delbar eKey-teknik.
   - **Fördelar**: Enkel att använda med touch-funktion; bra för dem som föredrar en okomplicerad lösning.
   - **Nackdelar**: Mindre smarta hem-integration jämfört med andra val.

5. **Nuki Smart Lock 3.0**
   - **Funktioner**: Bluetooth- och Wi-Fi-stöd; enkel installation; styrs via app; kompatibel med Apple HomeKit, Google Assistant och Alexa.
   - **Fördelar**: Starkt fokuserad på enkelhet och funktionalitet; bra för europeiska dörrar.
   - **Nackdelar**: Kortare batteriliv jämfört med vissa andra modeller.

### Rekommendation:

- **Allround bästalåset**: **August Smart Lock Pro** är ofta det mest rekommenderade tack vare dess enkelhet, breda kompatibilitet och tillförlitliga funktioner. Den passar bra in med olika smarthomesystem och är enkel att installera utan att byta hela låssystemet.

- **Bästa säkra och fristående alternativ**: **Schlage Encode** erbjuder ett starkt, säkert lås med inbyggd Wi-Fi, vilket eliminerar behovet av en hub och gör det exceptionellt användarvänligt.

- **För europeiska dörrar**: **Nuki Smart Lock 3.0** erbjuder högsta användarvänlighet och funktionell integration med ett bredare utbud av dörrtyper som ofta ses i Europa.

Valet av det ""bästa"" smartlåset beror i slutändan på dina specifika krav, inklusive teknisk miljö, dörrens konstruktion och dina personliga preferenser för funktionalitet och design. Det är också viktigt att läsa aktuella användarrecensioner och, om möjligt, uppleva produkterna i butik innan du fattar ett beslut.","Älylukkojen vertailu on monimutkaista, sillä ""paras"" riippuu käyttäjän tarpeista ja toiveista. Tässä on vertailu joistain suosituista älylukko-merkeistä ja -malleista sekä suositus, ottaen huomioon erilaiset tarpeet:

**Vertailtavat merkit ja mallit:**

*   **Yale (Assa Abloy):**
    *   **Mallit:** Yale Linus, Yale Doorman (erityisesti Pohjoismaissa suosittu), Yale Conexis L1.
    *   **Plussat:** Luotettava, hyvä maine, laaja tuotevalikoima, usein yhteensopiva muiden älykotijärjestelmien kanssa (esim. Google Home, Apple HomeKit, SmartThings), helppo asentaa (useimmat mallit).
    *   **Miinukset:** Hinta voi olla korkeampi kuin joillain kilpailijoilla, joissain malleissa akunkesto voisi olla parempi.
    *   **Soveltuvuus:** Suosittu vaihtoehto, soveltuu moneen käyttöön, hyvä yleisvalinta.

*   **Danalock:**
    *   **Mallit:** Danalock V3.
    *   **Plussat:** Kompakti koko, tyylikäs muotoilu, helppo asentaa, yhteensopiva useiden älykotijärjestelmien kanssa, hyvä hintalaatusuhde.
    *   **Miinukset:** Voi vaatia hieman tarkempaa asennusta riippuen ovityypistä, akunkesto voi olla hieman lyhyempi kuin joillain kilpailijoilla.
    *   **Soveltuvuus:** Hyvä vaihtoehto käyttäjille, jotka haluavat kompaktin ja tyylikkään älylukon.

*   **Nuki:**
    *   **Mallit:** Nuki Smart Lock 3.0, Nuki Smart Lock Pro.
    *   **Plussat:** Helppo asentaa olemassa olevaan lukkoon (ulompi lukkopesä pysyy ennallaan), monipuoliset ominaisuudet (esim. auto-unlock), hyvä sovellus ja hallintapaneeli, yhteensopiva useiden älykotijärjestelmien kanssa. Pro-mallissa integroitu Wi-Fi.
    *   **Miinukset:** Vaatii useimmiten erillisen Nuki Bridge -siltaan Wi-Fi-yhteyteen (paitsi Pro-mallissa), akunkesto voi olla vaihteleva.
    *   **Soveltuvuus:** Hyvä valinta vuokralaisille, sillä lukko voidaan poistaa vahingoittamatta ovea. Sopii niille, jotka haluavat helpon asennuksen ja monipuoliset ominaisuudet.

*   **August:**
    *   **Mallit:** August Wi-Fi Smart Lock, August Smart Lock Pro.
    *   **Plussat:** Tyylikäs design, helppo asentaa olemassa olevaan lukkoon, monipuoliset ominaisuudet, hyvä yhteensopivuus Apple HomeKitin kanssa (etenkin Pro-mallissa).
    *   **Miinukset:** Hinta voi olla korkeampi, joissain malleissa voi tarvita erillisen siltaan Wi-Fi-yhteyteen.
    *   **Soveltuvuus:** Hyvä valinta Apple-käyttäjille, jotka haluavat tyylikkään ja toimivan älylukon.

**Älylukkojen yleiset ominaisuudet, joita kannattaa huomioida:**

*   **Yhteensopivuus:** Tarkista, onko lukko yhteensopiva älypuhelimesi käyttöjärjestelmän (iOS, Android) ja muiden älykotilaitteidesi kanssa (esim. Google Home, Apple HomeKit, Amazon Alexa, SmartThings).
*   **Asennus:** Onko asennus helppoa ja vaatiiko se ammattilaista?  Osa älylukkoista korvaa koko lukkorungon, kun taas toiset asennetaan olemassa olevan lukon päälle.
*   **Lukitusmenetelmät:** Onko lukossa avain, koodilukko, sormenjälkilukija, älypuhelinsovellus vai kaikki?
*   **Turvallisuus:**  Tarkista, onko lukko suojattu hakkeroinnilta (salaus, turvallinen tiedonsiirto).
*   **Akunkesto:**  Kuinka pitkä on akun kesto ja onko akku vaihdettava vai ladattava?
*   **Ominaisuudet:** Etsi ominaisuuksia, kuten automaattinen lukitus ja avaus, lukitus- ja avaushistoria, vierailijoiden pääsyn hallinta.
*   **Hinta:**  Älylukkojen hinnat vaihtelevat, joten budjettisi kannattaa olla tiedossa.
*   **Säänkestävyys:** Jos ovi on ulkona, varmista, että lukko on säänkestävä.

**Suositus:**

Paras älylukko riippuu siis tarpeistasi, mutta **yleisesti hyvä valinta on Yale Linus** tai **Nuki Smart Lock Pro**.  

*   **Yale Linus:** On luotettava ja sillä on hyvä maine. Se on useimmiten helposti asennettava. Sen yhteensopivuus useiden älykotijärjestelmien kanssa on hyvä.
*   **Nuki Smart Lock Pro:** Hyvä valinta, jos haluat helpon asennuksen olemassa olevaan lukkoon ja paljon ominaisuuksia, mukaan lukien Wi-Fi.

**Muita huomioita:**

*   **Jos haluat asennuksen mahdollisimman helpoksi ja vuokra-asuntoon:** Nuki tai August ovat hyviä vaihtoehtoja.
*   **Jos haluat turvallisuuden ykkösasiaksi:** Yale on luotettava vaihtoehto.
*   **Jos arvostat tyyliä ja olet Apple-käyttäjä:** August on hyvä valinta.
*   **Jos etsit edullisempaa vaihtoehtoa ja kompaktiutta:** Danalock on hyvä valinta.

Ennen ostopäätöstä on hyvä lukea arvosteluja ja vertailla hintoja eri jälleenmyyjillä.  Tarkista aina, että lukko on yhteensopiva ovityyppisi ja älypuhelimesi kanssa.","Visst, låt oss jämföra några populära smartlås och sedan föreslå det bästa baserat på olika behov.

**Populära Smartlås på Marknaden (2024)**

Här är några välkända smartlås, tillsammans med deras viktigaste funktioner:

*   **Yale Linus:**
    *   **Funktioner:**
        *   Nyckelfri åtkomst (kod, app, automatisk upplåsning)
        *   Integrering med smarta hem-system (Apple HomeKit, Google Assistant, IFTTT)
        *   Aktivitetslogg
        *   Enkel installation (ersätter ofta den befintliga låscylindern)
        *   Kan styras på distans
    *   **Fördelar:**
        *   Användarvänligt
        *   Snygg design
        *   Många integreringar
    *   **Nackdelar:**
        *   Batteritid kan variera
        *   Priset kan vara högt
*   **Aqara Smart Door Lock A100:**
    *   **Funktioner:**
        *   Fingeravtrycksläsare, kod, app, fysisk nyckel
        *   Apple HomeKit Secure Video-kompatibel (för vissa modeller)
        *   Aktivitetslogg
        *   Integrering med andra Aqara-produkter (för automatisering)
    *   **Fördelar:**
        *   Fingeravtrycksläsare för snabb åtkomst
        *   Relativt prisvärt
        *   Många åtkomstmetoder
        *   Kompatibilitet med Apple HomeKit Secure Video (beroende på modell)
    *   **Nackdelar:**
        *   Installation kan vara lite mer komplicerad
*   **Danalock V3:**
    *   **Funktioner:**
        *   Nyckelfri åtkomst (kod, app, automatisk upplåsning)
        *   Integrering med smarta hem-system (Apple HomeKit, Google Assistant, Z-Wave)
        *   Aktivitetslogg
    *   **Fördelar:**
        *   Brett utbud av integrationsmöjligheter (inklusive Z-Wave)
        *   Kan ersätta befintlig cylinder
    *   **Nackdelar:**
        *   Designen kan vara lite klumpig
*   **Samsung SHP-DR708 (och liknande modeller):**
    *   **Funktioner:**
        *   Kod, fingeravtrycksläsare, RFID-taggar, app
        *   Nödkontakt
        *   Aktivitetslogg
        *   För vissa modeller: Wi-Fi
    *   **Fördelar:**
        *   Flera åtkomstmetoder
        *   Stark säkerhet
    *   **Nackdelar:**
        *   Priset kan vara högt
        *   Designen kan vara lite mer framträdande

**Att tänka på när du väljer ett smartlås:**

*   **Säkerhet:**
    *   Kryptering
    *   Tvåfaktorautentisering
    *   Robust design
    *   Skydd mot manipulering
*   **Installation:**
    *   Enkelhet (ersätter befintlig cylinder eller kräver mer omfattande installation)
*   **Användarvänlighet:**
    *   Lätt att använda för alla i familjen
    *   Flera åtkomstalternativ (kod, app, nyckelbricka, fingeravtryck)
*   **Integrering:**
    *   Kompatibilitet med ditt smarta hem-system (Apple HomeKit, Google Assistant, Z-Wave, Zigbee)
*   **Batteritid:**
    *   Hur länge håller batterierna?
    *   Larm vid låg batterinivå
*   **Funktioner:**
    *   Aktivitetslogg
    *   Automatisk låsning
    *   Fjärrstyrning
    *   Tillfällig åtkomst för gäster
*   **Pris:**
    *   Jämför priset med de funktioner du behöver

**Förslag på ""Det bästa"" Smartlåset (Beroende på dina behov):**

*   **För den genomsnittliga användaren som vill ha en enkel och pålitlig lösning:**
    *   **Yale Linus:**  Detta lås är användarvänligt, snyggt och har bra integrationer. Det är ett bra val för de flesta hushåll.
*   **För den som vill ha fingeravtrycksidentifiering och vill ha fler åtkomstmetoder:**
    *   **Aqara Smart Door Lock A100:** Bra val, speciellt om du redan använder Aqara-produkter.
*   **För den som vill ha maximal flexibilitet och integration:**
    *   **Danalock V3:**  Bra om du vill ha ett lås som fungerar med Z-Wave och andra protokoll.
*   **För den som prioriterar säkerhet:**
    *   **Samsung SHP-DR708:** Denna typ av lås har ofta starka säkerhetsfunktioner, men är ofta dyrare.

**Slutsats:**

Det bästa smartlåset beror på dina individuella behov och preferenser.  Fundera på vilka funktioner som är viktigast för dig, vilka system du redan använder, och vilken budget du har.  Läs recensioner, jämför priser och titta på installationsvideor för att få en bättre uppfattning om vilket lås som passar dig bäst.

Lycka till med valet av smartlås!
",2025-05-21 15:36:55,question
20250521153414,4,Brändianalyysi: iLoq-brändin näkyvyys vastauksissa,Varumärkesanalys: iLoq-varumärkets synlighet i svaren,"ARVIO ILOQ-NÄKYVYYDESTÄ

1. Mainintojen määrä  
   • Näytteissä iLOQ ei esiinny kertaakaan.  
   • Vastauksissa toistuvat kilpailijat August, Yale, Nuki, Schlage, Danalock, SimonsVoss, mfl.  

2. Konteksti ja vertailuasetelma  
   • LLM:t käyttävät “suosituimmat” / “yleisimmät” ‑listoja, joiden lähteinä näyttävät olevan angloamerikkalaiset teknologiablogit ja älykotisivustot.  
   • Koska iLOQ ei ole vahvasti esillä näissä lähteissä, malli ei tarjoa sitä vaihtoehtona – ei edes Suomea tai Pohjoismaita koskevissa kysymyksissä.  
   • Mallit eivät tunne iLOQin avainettoman, paristottoman tai energian keruuseen perustuvan teknologian eroa kilpailijoihin.  

3. Vaikutelma kilpailuasetelmasta  
   • iLOQ jää “näkymättömäksi” → rivien välistä syntyy mielikuva, ettei brändi kuulu markkinan kärkitekijöihin.  
   • Kilpailijat saavat “implisiittisen suosituksen”, koska ne mainitaan toistuvasti ja niitä kehutaan ominaisuuksista, joista iLOQillakin olisi vahvat referenssit.  

MIKSI NÄKYVYYS ON HEIKKO?

1. Lähdemateriaalien puute avoimessa verkossa (blogit, arvostelut, vertailusivut, Wikipedia).  
2. Structured data (schema.org/Product) ‑merkintöjen, avoimen lisenssin kuvien ja ”listicle-ystävällisten” taulukoiden vähyys → crawlerit eivät poimi tietoa.  
3. Kieliversioiden ja avainsanojen kapea kattaus (iLOQ-sisältö painottuu yritys- ja B2B-sivustoille, ei kuluttaja-hakuiselle kielelle).  
4. LLM-mallien koulutusleikkeet ovat n. vuoteen 2023; jos uutta materiaalia ei ollut tuolloin avoimena, se ei päätynyt malliin.  

KEHITYSEHDOTUKSET

A. Sisältöstrategia  
1. Laajenna kuluttaja-orientoitua sisältöä: “iLOQ älylukko kokemuksia”, “iLOQ vs Yale Doorman” jne. Kirjoita vertailuartikkeleita ja julkaise avoimella lisenssillä (CC-BY).  
2. Tee monikieliset Wikipedia-artikkelit (fi, sv, en, de) ja päivitä tekniset erot (paristoton, NFC-avain) luotettavilla lähdeviitteillä.  
3. Tarjoa oma “Älylukkovertailu-PDF” sekä taulukkomuoto HTML:ssä → mallit oppivat lukemaan taulukot paremmin.  
4. Julkaise usein kysytyt kysymykset (FAQ) hakusanoilla: “Miten asentaa iLOQ”, “iLOQ hinta”, “iLOQ paristoton älylukko”.  

B. Tekninen toteutus  
1. Lisää joka tuotesivulle JSON-LD Product ‑schema (name, description, keyFeatures, price, review).  
2. Tee sivustokartta ja avaa robots.txt uudelleenkrawlaukselle (GPTBot, Google-Extended, Amazonbot).  
3. Tarjoa yhteenveto-sivu “iLOQ for developers” avoimella lisenssillä → LLM-kouluttajat hyödyntävät mielellään teknistä dataa.  
4. Julkaise GitHub-repossa esimerkkikoodeja (API, Mobile SDK) README-tiedostolla, jossa kerrotaan iLOQ-teknologian perusteet. GitHub on vahva lähde LLM:eille.  

C. LLM-yhteistyö ja “live”-kanavat  
1. RAG/plug-in: Rakenna ChatGPT- ja Gemini-lisäosa (“iLOQ Lock Advisor”), joka tarjoaa ajantasaisia tietoja ja tuotetukea.  
2. Syötä tuote-FAQ:t omaan julkiseen “iLOQ Knowledge Base” ‑RSS-syötteeseen → LLM:t voivat hakea reaaliaikaisesti.  
3. Tee yhteistyö teknologiasivustojen (The Verge, TechRadar, Tekniikan Maailma) kanssa; avoin testiraportti nostaa todennäköisyyttä päätyä seuraavaan LLM-treeniin.  

D. PR & link building  
1. Osallistu Stack Exchange / Reddit / GitHub Discussions ‑keskusteluihin iLOQ-tunnuksella ja linkkaa teknisiin dokumentteihin.  
2. Sponsoroi hackathoneja “ paristoton älylukko” ‑aiheella; projektiraportit leviävät avoimeen verkkoon.  
3. Laadi lehdistötiedotteet aina sekä PDF- että HTML-muodossa ja hostaa omalla sivulla, jotta ne crawlautuvat.  

PRIORITEETTILISTA (60–90 pv)  
1. Päivitä Wikipedia ja julkaise suomen-/ruotsin-/englanninkieliset artikkelit.  
2. Julkaise kuluttajille suunnattu “iLOQ vs Yale vs Nuki” ‑blogi + schema.org taulukko.  
3. Avaa developer-sivusto ja GitHub-repo.  
4. Rakenteinen data / JSON-LD kaikille tuotesivuille.  
5. Aloita ChatGPT-plug-in (tai langchain endpoint), joka vastaa iLOQ-hakuihin.  

Näillä toimenpiteillä iLOQ:n näkyvyys paranee sekä seuraavissa suurissa LLM-päivityksissä (12–18 kk sykli) että reaaliaikaisissa augmenoiduissa järjestelmissä.",,Analyysi tehty OpenAI o3-mallilla,,2025-05-21 15:37:19,analysis
